{
  "flower": "tag:forge:storage_blocks/lead",
  "maxTimeInHive": 800,
  "hasHoneycomb": true,
  "ColorData": {
    "isBeeColored": true,
    "honeycombColor": "#D0E4E1",
    "primaryColor": "#D0E4E1"
  },
  "MutationData": {
    "hasMutation": false
  },
  "CentrifugeData": {
    "hasCentrifugeOutput": true,
    "mainOutput": "alltheores:lead_ingot"
  },
  "SpawnData": {
    "spawnInWorld": false
  },
  "BreedData": {
    "isBreedable": true,
    "parent1": "Iron",
    "parent2": "RGBee",
    "feedItem": "tag:forge:nuggets/lead",
    "feedAmount": 3
  },
  "TraitData": {
    "hasTraits": false
  }
}