{
  "flower": "tag:forge:storage_blocks/refined_glowstone",
  "maxTimeInHive": 900,
  "traits": ["nether"],
  "hasHoneycomb": true,
  "ColorData": {
    "isBeeColored": true,
    "honeycombColor": "#FCEB99",
    "primaryColor": "#FCEB99"
  },
  "MutationData": {
    "hasMutation": false
  },
  "CentrifugeData": {
    "hasCentrifugeOutput": true,
    "mainOutput": "mekanism:ingot_refined_glowstone",
    "mainOutputWeight": 0.85
  },
  "SpawnData": {
    "spawnInWorld": false
  },
  "BreedData": {
    "isBreedable": true,
    "parent1": "Osmium",
    "parent2": "Glowing",
    "feedItem": "tag:forge:nuggets/refined_glowstone",
    "feedAmount": 3
  },
  "TraitData": {
    "hasTraits": true
  }
}