{
  "flower": "tag:forge:storage_blocks/silver",
  "maxTimeInHive": 700,
  "hasHoneycomb": true,
  "ColorData": {
    "isBeeColored": true,
    "honeycombColor": "#D1E1EC",
    "primaryColor": "#D1E1EC"
  },
  "MutationData": {
    "hasMutation": false
  },
  "CentrifugeData": {
    "hasCentrifugeOutput": true,
    "mainOutput": "alltheores:silver_ingot"
  },
  "SpawnData": {
    "spawnInWorld": false
  },
  "BreedData": {
    "isBreedable": true,
    "parent1": "Iron",
    "parent2": "Mason",
    "feedItem": "tag:forge:nuggets/silver",
    "feedAmount": 3
  },
  "TraitData": {
    "hasTraits": false
  }
}