{
  "flower": "tag:forge:storage_blocks/steel",
  "maxTimeInHive": 700,
  "hasHoneycomb": true,
  "ColorData": {
    "isBeeColored": true,
    "honeycombColor": "#949392",
    "primaryColor": "#949392"
  },
  "MutationData": {
    "hasMutation": false
  },
  "CentrifugeData": {
    "hasCentrifugeOutput": true,
    "mainOutput": "mekanism:ingot_steel"
  },
  "SpawnData": {
    "spawnInWorld": false
  },
  "BreedData": {
    "isBreedable": true,
    "parent1": "Iron",
    "parent2": "Coal",
    "feedItem": "tag:forge:nuggets/steel",
    "feedAmount": 3
  },
  "TraitData": {
    "hasTraits": false
  }
}