{
  "flower": "tag:forge:storage_blocks/uranium",
  "maxTimeInHive": 800,
  "hasHoneycomb": true,
  "ColorData": {
    "isBeeColored": true,
    "honeycombColor": "#A2F2A0",
    "primaryColor": "#A2F2A0"
  },
  "MutationData": {
    "hasMutation": false
  },
  "CentrifugeData": {
    "hasCentrifugeOutput": true,
    "mainOutput": "alltheores:uranium_ingot"
  },
  "SpawnData": {
    "spawnInWorld": false
  },
  "BreedData": {
    "isBreedable": true,
    "parent1": "Iron",
    "parent2": "Creeper",
    "feedItem": "tag:forge:nuggets/uranium",
    "feedAmount": 3
  },
  "TraitData": {
    "hasTraits": false
  }
}