{
  "flower": "tag:forge:storage_blocks/zinc",
  "maxTimeInHive": 800,
  "hasHoneycomb": true,
  "ColorData": {
    "isBeeColored": true,
    "honeycombColor": "#B6DBD8",
    "primaryColor": "#B6DBD8"
  },
  "MutationData": {
    "hasMutation": false
  },
  "CentrifugeData": {
    "hasCentrifugeOutput": true,
    "mainOutput": "alltheores:zinc_ingot"
  },
  "SpawnData": {
    "spawnInWorld": false
  },
  "BreedData": {
    "isBreedable": true,
    "parent1": "Iron",
    "parent2": "Warm",
    "feedItem": "tag:forge:nuggets/zinc",
    "feedAmount": 3
  },
  "TraitData": {
    "hasTraits": false
  }
}